Andi;1;andi@mail.com;ATO;A;t11;1;A
Seto;2;seto@mail.com;SID;A;t30;0;N
Tono;3;tono@mail.com;ACC;B;t20;0;N
Budi;4;budi@mail.com;AHS;C;t11;2;A
Toni;5;toni@mail.com;AEO;A;t20;0;N
Joni;6;joni@mail.com;AEO;B;t31;3;R
Asep;7;asep@mail.com;SID;C;t10;0;N
Adit;8;adit@mail.com;ATO;D;t21;4;D
Made;9;made@mail.com;AHS;B;t30;0;N
Anis;10;anis@mail.com;ACC;D;N;0;N
